b, w, mean, stdDev
6332.853207869538, -1106.2324583706325, 101066.25, 51565.1899106445
